symbol,id,orderId,orderListId,price,qty,quoteQty,commission,commissionAsset,time,isBuyer,isMaker,isBestMatch
ETHBTC,114874348,314407588,-1,0.03440300,0.03000000,0.00103209,0.00003000,ETH,1554016386416,True,False,True
ETHBTC,114882877,314449269,-1,0.03449300,0.02900000,0.00100029,0.00000100,BTC,1554022704714,False,False,True
ETHBTC,114929154,314627119,-1,0.03444900,0.03000000,0.00103347,0.00003000,ETH,1554047588142,True,True,True
ETHBTC,114961603,314777580,-1,0.03449700,0.02900000,0.00100041,0.00000100,BTC,1554073468948,False,False,True
ETHBTC,117128225,323922547,-1,0.03399600,0.05900000,0.00200576,0.00005900,ETH,1554841608743,True,False,True
ETHBTC,117128484,323924116,-1,0.03401100,0.05800000,0.00197263,0.00000197,BTC,1554841816395,False,False,True
ETHBTC,117128766,323925687,-1,0.03406800,0.05900000,0.00201001,0.00005900,ETH,1554841937822,True,False,True
ETHBTC,117128835,323926387,-1,0.03401900,0.05800000,0.00197310,0.00000197,BTC,1554841985031,False,False,True
ETHBTC,117128848,323926491,-1,0.03402900,0.05900000,0.00200771,0.00005900,ETH,1554841998217,True,False,True
ETHBTC,117128911,323926900,-1,0.03400400,0.05800000,0.00197223,0.00000197,BTC,1554842044345,False,False,True
ETHBTC,117129036,323927679,-1,0.03404700,0.05900000,0.00200877,0.00005900,ETH,1554842120545,True,False,True
ETHBTC,117129097,323928033,-1,0.03400900,0.04200000,0.00142837,0.00000143,BTC,1554842166833,False,False,True
ETHBTC,117129098,323928033,-1,0.03400000,0.01600000,0.00054400,0.00011442,BNB,1554842166833,False,False,True
ETHBTC,117129257,323929402,-1,0.03403100,0.05900000,0.00200782,0.00005900,ETH,1554842285358,True,False,True
ETHBTC,117129318,323929825,-1,0.03403800,0.05800000,0.00197420,0.00000197,BTC,1554842344391,False,False,True
ETHBTC,117129331,323929950,-1,0.03405200,0.05900000,0.00200906,0.00005900,ETH,1554842358218,True,False,True
ETHBTC,117129411,323930384,-1,0.03403700,0.05800000,0.00197414,0.00000197,BTC,1554842406068,False,False,True
ETHBTC,117129426,323930560,-1,0.03404900,0.05900000,0.00200889,0.00005900,ETH,1554842420587,True,False,True
ETHBTC,117129464,323930826,-1,0.03403200,0.05800000,0.00197385,0.00000197,BTC,1554842466254,False,False,True
ETHBTC,117129597,323932280,-1,0.03405700,0.05900000,0.00200936,0.00005900,ETH,1554842662035,True,True,True
ETHBTC,117129654,323932752,-1,0.03404300,0.05800000,0.00197449,0.00000197,BTC,1554842706883,False,False,True
ETHBTC,117129665,323932846,-1,0.03406100,0.05900000,0.00200959,0.00005900,ETH,1554842720886,True,False,True
ETHBTC,117129705,323933130,-1,0.03404400,0.05800000,0.00197455,0.00000197,BTC,1554842767976,False,False,True
ETHBTC,117129718,323933220,-1,0.03405700,0.05900000,0.00200936,0.00005900,ETH,1554842778576,True,False,True
ETHBTC,117129832,323933968,-1,0.03405500,0.05800000,0.00197519,0.00000198,BTC,1554842885789,False,False,True
ETHBTC,117129845,323934028,-1,0.03406400,0.05900000,0.00200977,0.00005900,ETH,1554842898518,True,False,True
ETHBTC,117129892,323934283,-1,0.03405200,0.05800000,0.00197501,0.00000198,BTC,1554842946028,False,False,True
ETHBTC,117129935,323934553,-1,0.03406400,0.05900000,0.00200977,0.00005900,ETH,1554842988268,True,False,True
ETHBTC,117129974,323934702,-1,0.03406000,0.05800000,0.00197548,0.00000198,BTC,1554843005832,False,False,True
ETHBTC,117131395,323942230,-1,0.03407600,0.05900000,0.00201048,0.00042647,BNB,1554843978734,True,True,True
ETHBTC,117131576,323943496,-1,0.03407100,0.00300000,0.00010221,0.00002119,BNB,1554844205799,False,False,True
ETHBTC,117131577,323943496,-1,0.03407000,0.05600000,0.00190792,0.00000191,BTC,1554844205799,False,False,True
ETHBTC,117131786,323944570,-1,0.03408700,0.05900000,0.00201113,0.00005900,ETH,1554844355868,True,False,True
ETHBTC,117131934,323945420,-1,0.03407700,0.05800000,0.00197646,0.00000198,BTC,1554844512273,False,False,True
ETHBTC,117131942,323945455,-1,0.03408900,0.02200000,0.00074995,0.00002200,ETH,1554844521021,True,False,True
ETHBTC,117131943,323945455,-1,0.03408900,0.03700000,0.00126129,0.00003700,ETH,1554844521210,True,True,True
ETHBTC,117144420,324016076,-1,0.03389800,0.05800000,0.00196608,0.00041797,BNB,1554854524959,False,False,True
ETHBTC,117147667,324033861,-1,0.03407300,0.05900000,0.00201030,0.00005900,ETH,1554856595184,True,False,True
ETHBTC,117148433,324038187,-1,0.03409900,0.05800000,0.00197774,0.00000198,BTC,1554857225466,False,False,True
ETHBTC,117148445,324038250,-1,0.03410500,0.05900000,0.00201219,0.00005900,ETH,1554857238319,True,False,True
ETHBTC,117148686,324039724,-1,0.03409300,0.05800000,0.00197739,0.00000198,BTC,1554857466915,False,False,True
ETHBTC,117148923,324040737,-1,0.03411400,0.05900000,0.00201272,0.00005900,ETH,1554857658667,True,False,True
ETHBTC,117149289,324043429,-1,0.03413300,0.05800000,0.00197971,0.00000198,BTC,1554857944484,False,False,True
ETHBTC,117149432,324043996,-1,0.03414200,0.05900000,0.00201437,0.00005900,ETH,1554857975717,True,False,True
ETHBTC,117149472,324044281,-1,0.03414800,0.05800000,0.00198058,0.00000198,BTC,1554858004503,False,False,True
ETHBTC,117149495,324044420,-1,0.03415500,0.05900000,0.00201514,0.00005900,ETH,1554858021102,True,False,True
ETHBTC,117149560,324044801,-1,0.03413200,0.05800000,0.00197965,0.00000198,BTC,1554858065580,False,False,True
ETHBTC,117150767,324051955,-1,0.03415800,0.05900000,0.00201532,0.00005900,ETH,1554859098174,True,False,True
ETHBTC,117150864,324052416,-1,0.03417000,0.05800000,0.00198186,0.00000198,BTC,1554859145092,False,False,True
ETHBTC,117151672,324056076,-1,0.03423800,0.05900000,0.00202004,0.00042803,BNB,1554859550677,True,False,True
ETHBTC,117151704,324056214,-1,0.03422400,0.05900000,0.00201921,0.00042807,BNB,1554859564993,False,False,True
ETHBTC,117152072,324057380,-1,0.03428100,0.05900000,0.00202257,0.00042765,BNB,1554859654525,True,False,True
ETHBTC,117152538,324058389,-1,0.03435200,0.05900000,0.00202676,0.00042975,BNB,1554859684164,False,False,True
ETHBTC,117152835,324059402,-1,0.03436600,0.05900000,0.00202759,0.00042908,BNB,1554859715624,True,False,True
ETHBTC,117152912,324059773,-1,0.03433900,0.03500000,0.00120186,0.00025404,BNB,1554859744236,False,False,True
ETHBTC,117152913,324059773,-1,0.03433800,0.02400000,0.00082411,0.00000082,BTC,1554859744236,False,False,True
ETHBTC,117153997,324063974,-1,0.03443500,0.05900000,0.00203166,0.00043008,BNB,1554859997908,True,False,True
ETHBTC,117159813,324092950,-1,0.03437700,0.05900000,0.00202824,0.00000203,BTC,1554862746579,False,False,True
ETHBTC,117159821,324093017,-1,0.03438200,0.05900000,0.00202853,0.00005900,ETH,1554862758425,True,False,True
ETHBTC,117162227,324105844,-1,0.03438400,0.01000000,0.00034384,0.00007276,BNB,1554864545117,False,False,True
ETHBTC,117162228,324105844,-1,0.03437700,0.04800000,0.00165009,0.00035314,BNB,1554864545117,False,False,True
ETHBTC,117162457,324106533,-1,0.03442400,0.05900000,0.00203101,0.00043368,BNB,1554864605869,True,True,True
ETHBTC,117162567,324107061,-1,0.03441200,0.05900000,0.00203030,0.00043237,BNB,1554864664966,False,False,True
ETHBTC,117162604,324107206,-1,0.03443200,0.05900000,0.00203148,0.00043249,BNB,1554864678948,True,False,True
ETHBTC,117162732,324107662,-1,0.03443600,0.05900000,0.00203172,0.00043167,BNB,1554864725509,False,False,True
ETHBTC,117163063,324109081,-1,0.03447000,0.05900000,0.00203373,0.00043199,BNB,1554864875494,True,False,True
ETHBTC,117164328,324113112,-1,0.03458600,0.05900000,0.00204057,0.00043500,BNB,1554865265963,False,False,True
ETHBTC,117164443,324113745,-1,0.03457600,0.05800000,0.00200540,0.00042738,BNB,1554865308622,True,False,True
ETHBTC,117164712,324115101,-1,0.03460200,0.05800000,0.00200691,0.00042830,BNB,1554865443688,False,False,True
ETHBTC,117164752,324115244,-1,0.03460900,0.03100000,0.00107287,0.00022871,BNB,1554865458535,True,True,True
ETHBTC,117164754,324115244,-1,0.03460900,0.02700000,0.00093444,0.00019920,BNB,1554865460682,True,True,True
ETHBTC,117165003,324115815,-1,0.03460900,0.05800000,0.00200732,0.00042828,BNB,1554865504972,False,False,True
ETHBTC,117165680,324117974,-1,0.03456800,0.05800000,0.00200494,0.00042732,BNB,1554865716021,True,True,True
ETHBTC,117170578,324143898,-1,0.03441500,0.05800000,0.00199607,0.00042759,BNB,1554868929525,False,False,True
ETHBTC,117170607,324144058,-1,0.03441700,0.05900000,0.00203060,0.00043407,BNB,1554868955424,True,False,True
ETHBTC,117170648,324144329,-1,0.03440400,0.05900000,0.00202983,0.00043430,BNB,1554868985179,False,False,True
ETHBTC,117170734,324144918,-1,0.03440800,0.05900000,0.00203007,0.00043465,BNB,1554869058298,True,False,True
ETHBTC,117170791,324145226,-1,0.03439800,0.05900000,0.00202948,0.00043461,BNB,1554869104723,False,False,True
ETHBTC,117170979,324146353,-1,0.03440200,0.05900000,0.00202971,0.00043348,BNB,1554869255427,True,False,True
ETHBTC,117171464,324149462,-1,0.03439600,0.05900000,0.00202936,0.00043268,BNB,1554869644877,False,False,True
ETHBTC,117171486,324149644,-1,0.03440000,0.04600000,0.00158240,0.00033716,BNB,1554869673602,True,False,True
ETHBTC,117171487,324149644,-1,0.03440000,0.01300000,0.00044720,0.00009528,BNB,1554869673602,True,False,True
ETHBTC,117171531,324149879,-1,0.03439900,0.05900000,0.00202954,0.00043246,BNB,1554869705324,False,False,True
ETHBTC,117171919,324151740,-1,0.03443000,0.05900000,0.00203137,0.00043214,BNB,1554869988809,True,False,True
ETHBTC,117171937,324151824,-1,0.03442200,0.05900000,0.00203089,0.00043185,BNB,1554870007378,False,False,True
ETHBTC,117172058,324152403,-1,0.03444900,0.05900000,0.00203249,0.00043213,BNB,1554870095738,True,False,True
ETHBTC,117172126,324152639,-1,0.03444200,0.05900000,0.00203207,0.00043170,BNB,1554870125286,False,False,True
ETHBTC,117172824,324156050,-1,0.03442900,0.05900000,0.00203131,0.00043232,BNB,1554870755028,True,False,True
ETHBTC,117173044,324157060,-1,0.03444900,0.05900000,0.00203249,0.00043262,BNB,1554870905431,False,False,True
ETHBTC,117173131,324157332,-1,0.03446000,0.05900000,0.00203314,0.00043320,BNB,1554870935088,True,False,True
ETHBTC,117173205,324157571,-1,0.03447700,0.05900000,0.00203414,0.00043254,BNB,1554870964487,False,False,True
ETHBTC,117174687,324164790,-1,0.03453200,0.05800000,0.00200285,0.00042525,BNB,1554871968000,True,False,True
ETHBTC,117176843,324177489,-1,0.03451300,0.05800000,0.00200175,0.00042372,BNB,1554873665486,False,False,True
ETHBTC,117177654,324182499,-1,0.03452300,0.05800000,0.00200233,0.00042216,BNB,1554874338136,True,False,True
ETHBTC,117178518,324187349,-1,0.03452100,0.05800000,0.00200221,0.00042156,BNB,1554875047753,False,False,True
ETHBTC,117178544,324187457,-1,0.03452600,0.04300000,0.00148461,0.00031258,BNB,1554875079945,True,True,True
ETHBTC,117178546,324187457,-1,0.03452600,0.01500000,0.00051789,0.00010904,BNB,1554875082173,True,True,True
ETHBTC,117178571,324187609,-1,0.03452100,0.05800000,0.00200221,0.00042109,BNB,1554875105755,False,False,True
ETHBTC,117178888,324189117,-1,0.03453300,0.05800000,0.00200291,0.00042177,BNB,1554875316527,True,True,True
ETHBTC,117180096,324195657,-1,0.03453100,0.05800000,0.00200279,0.00042371,BNB,1554875945143,False,False,True
ETHBTC,117183285,324206105,-1,0.03470700,0.05800000,0.00201300,0.00042589,BNB,1554876589041,True,False,True
ETHBTC,117183342,324206332,-1,0.03470300,0.02900000,0.00100638,0.00021369,BNB,1554876605419,False,False,True
ETHBTC,117183343,324206332,-1,0.03470200,0.02900000,0.00100635,0.00021369,BNB,1554876605419,False,False,True
ETHBTC,117183874,324208488,-1,0.03464600,0.05800000,0.00200946,0.00042537,BNB,1554876739876,True,False,True
ETHBTC,117183938,324208946,-1,0.03464400,0.05800000,0.00200935,0.00042550,BNB,1554876784618,False,False,True
ETHBTC,117184007,324209423,-1,0.03465600,0.05800000,0.00201004,0.00042552,BNB,1554876828402,True,False,True
ETHBTC,117184250,324210624,-1,0.03469400,0.05800000,0.00201225,0.00042542,BNB,1554876906714,False,False,True
ETHBTC,117184422,324211520,-1,0.03468800,0.05800000,0.00201190,0.00042609,BNB,1554877008574,True,False,True
ETHBTC,117184454,324211695,-1,0.03468100,0.05800000,0.00201149,0.00042548,BNB,1554877024758,False,False,True
ETHBTC,117189055,324234041,-1,0.03460400,0.05800000,0.00200703,0.00042246,BNB,1554879651372,True,False,True
ETHBTC,117197284,324273670,-1,0.03445100,0.05800000,0.00199815,0.00042517,BNB,1554884523248,False,False,True
ETHBTC,117198755,324281790,-1,0.03448400,0.05800000,0.00200007,0.00042546,BNB,1554885454836,True,False,True
ETHBTC,117207588,324327141,-1,0.03434900,0.02600000,0.00089307,0.00018852,BNB,1554891786222,False,False,True
ETHBTC,117207589,324327141,-1,0.03434800,0.03200000,0.00109913,0.00023301,BNB,1554891786222,False,False,True
ETHBTC,117210766,324345189,-1,0.03441300,0.05900000,0.00203036,0.00043120,BNB,1554894095759,True,False,True
ETHBTC,117214033,324360418,-1,0.03436100,0.05900000,0.00202729,0.00043272,BNB,1554896284455,False,False,True
ETHBTC,117222280,324400219,-1,0.03444600,0.05900000,0.00203231,0.00043549,BNB,1554900678657,True,False,True
ETHBTC,117222343,324400712,-1,0.03444300,0.05900000,0.00203213,0.00043462,BNB,1554900727935,False,False,True
ETHBTC,117222368,324400863,-1,0.03444400,0.05900000,0.00203219,0.00043506,BNB,1554900740404,True,True,True
ETHBTC,117222518,324401851,-1,0.03442100,0.05900000,0.00203083,0.00043413,BNB,1554900846020,False,False,True
ETHBTC,117222544,324401998,-1,0.03442100,0.05900000,0.00203083,0.00043418,BNB,1554900858462,True,False,True
ETHBTC,117234647,324462625,-1,0.03426000,0.05900000,0.00202134,0.00043253,BNB,1554905824229,False,False,True
ETHBTC,124449775,369837153,-1,0.03124800,0.38500000,0.01203048,0.00210322,BNB,1558836183836,True,False,True
ETHBTC,127895091,391261031,-1,0.02970900,0.38500000,0.01143796,0.00241921,BNB,1560664509024,False,False,True
ETHBTC,127951621,391536445,-1,0.02963200,0.07400000,0.00219276,0.00045529,BNB,1560683585450,True,False,True
ETHBTC,127951622,391536445,-1,0.02963200,0.70300000,0.02083129,0.00432534,BNB,1560683585450,True,False,True
ETHBTC,128641414,396604301,-1,0.02815000,0.77700000,0.02187255,0.00431360,BNB,1561060855020,False,False,True
ETHBTC,128684461,396816450,-1,0.02857000,0.80600000,0.02302742,0.00449956,BNB,1561077064660,True,False,True
ETHBTC,129660724,402431525,-1,0.02715100,0.80600000,0.02188370,0.00519319,BNB,1561482740111,False,False,True
ETHBTC,129689677,402598081,-1,0.02715800,0.09300000,0.00252569,0.00059817,BNB,1561497905652,True,False,True
ETHBTC,130023323,404093910,-1,0.02582200,0.09300000,0.00240144,0.00068912,BNB,1561574328006,False,False,True
ETHBTC,146672121,506049853,-1,0.02190900,0.01800000,0.00039436,0.00013150,BNB,1571014811663,True,True,True
ETHBTC,146672123,506049853,-1,0.02190900,0.50000000,0.01095450,0.00050000,ETH,1571014811973,True,True,True
ETHBTC,146672127,506049853,-1,0.02190900,0.06600000,0.00144599,0.00048221,BNB,1571014815230,True,True,True
ETHBTC,146672128,506049853,-1,0.02190900,0.06900000,0.00151172,0.00050412,BNB,1571014815347,True,True,True
ETHBTC,146672132,506049853,-1,0.02190900,0.00600000,0.00013145,0.00004383,BNB,1571014816445,True,True,True
ETHBTC,146672134,506049853,-1,0.02190900,0.27300000,0.00598115,0.00027300,ETH,1571014818115,True,True,True
ETHBTC,146672135,506049853,-1,0.02190900,0.00500000,0.00010954,0.00003653,BNB,1571014818390,True,True,True
ETHBTC,146672137,506049853,-1,0.02190900,0.00600000,0.00013145,0.00004382,BNB,1571014822681,True,True,True
ETHBTC,146672143,506049853,-1,0.02190900,0.12100000,0.00265098,0.00088389,BNB,1571014825600,True,True,True
ETHBTC,146672145,506049853,-1,0.02190900,0.00600000,0.00013145,0.00004382,BNB,1571014830894,True,True,True
ETHBTC,146672146,506049853,-1,0.02190900,0.51000000,0.01117359,0.00051000,ETH,1571014833111,True,True,True
ETHBTC,146672147,506049853,-1,0.02190900,0.52000000,0.01139268,0.00052000,ETH,1571014833422,True,True,True
ETHBTC,146672148,506049853,-1,0.02190900,1.05900000,0.02320163,0.00105900,ETH,1571014833507,True,True,True
ETHBTC,146672149,506049853,-1,0.02190900,23.33400000,0.51122460,0.02333400,ETH,1571014833511,True,True,True
LTCBTC,7176891,26137751,-1,0.02261000,0.45000000,0.01017450,0.00013500,LTC,1518651430113,True,False,True
LTCBTC,7176892,26137751,-1,0.02261200,0.10000000,0.00226120,0.00003000,LTC,1518651430113,True,False,True
LTCBTC,7176893,26137751,-1,0.02261200,0.32000000,0.00723584,0.00009600,LTC,1518651430113,True,False,True
LTCBTC,7176894,26137751,-1,0.02261200,7.98000000,0.18044376,0.00239400,LTC,1518651430113,True,False,True
LTCBTC,7181240,26149272,-1,0.02232700,5.53000000,0.12346831,0.00003704,BTC,1518653182922,False,False,True
LTCBTC,7181241,26149272,-1,0.02232500,3.31000000,0.07389575,0.00002217,BTC,1518653182922,False,False,True
LTCBTC,22670306,110482102,-1,0.01472300,0.07000000,0.00103061,0.00007000,LTC,1554044886356,True,False,True
LTCBTC,22877047,112056878,-1,0.01660100,0.06000000,0.00099606,0.00000100,BTC,1554256801993,False,False,True
LTCBTC,23576509,118447491,-1,0.01678700,0.12000000,0.00201444,0.00012000,LTC,1554836406679,True,False,True
LTCBTC,23576512,118447531,-1,0.01678300,0.11000000,0.00184613,0.00000185,BTC,1554836420761,False,False,True
LTCBTC,23576582,118448065,-1,0.01679200,0.12000000,0.00201504,0.00012000,LTC,1554836480845,True,False,True
LTCBTC,23576612,118448491,-1,0.01677200,0.11000000,0.00184492,0.00000184,BTC,1554836527385,False,False,True
LTCBTC,23576649,118448948,-1,0.01679500,0.12000000,0.00201540,0.00012000,LTC,1554836598304,True,False,True
LTCBTC,23576928,118454924,-1,0.01676700,0.11000000,0.00184437,0.00038924,BNB,1554837549083,False,False,True
LTCBTC,23577802,118474492,-1,0.01676300,0.12000000,0.00201156,0.00012000,LTC,1554841385875,True,False,True
LTCBTC,23577803,118474505,-1,0.01675700,0.11000000,0.00184327,0.00000184,BTC,1554841390397,False,False,True
LTCBTC,23577804,118474524,-1,0.01676300,0.05000000,0.00083815,0.00005000,LTC,1554841398618,True,False,True
LTCBTC,23577805,118474524,-1,0.01676300,0.07000000,0.00117341,0.00007000,LTC,1554841427892,True,True,True
LTCBTC,23577834,118475072,-1,0.01676200,0.11000000,0.00184382,0.00000184,BTC,1554841503480,False,False,True
LTCBTC,23577847,118475339,-1,0.01676000,0.12000000,0.00201120,0.00012000,LTC,1554841536397,True,False,True
LTCBTC,23577867,118475623,-1,0.01674600,0.11000000,0.00184206,0.00000184,BTC,1554841566154,False,False,True
LTCBTC,23578035,118478702,-1,0.01676100,0.05000000,0.00083805,0.00005000,LTC,1554841878220,True,False,True
LTCBTC,23578045,118478702,-1,0.01676100,0.07000000,0.00117327,0.00007000,LTC,1554841889921,True,True,True
LTCBTC,23578062,118479041,-1,0.01675200,0.11000000,0.00184272,0.00000184,BTC,1554841934529,False,False,True
LTCBTC,23578272,118485434,-1,0.01676400,0.12000000,0.00201168,0.00012000,LTC,1554842915656,True,False,True
LTCBTC,23578287,118485748,-1,0.01676900,0.11000000,0.00184459,0.00000184,BTC,1554842953493,False,False,True
LTCBTC,23578294,118485863,-1,0.01678900,0.08000000,0.00134312,0.00008000,LTC,1554842975273,True,False,True
LTCBTC,23578306,118485863,-1,0.01678900,0.04000000,0.00067156,0.00004000,LTC,1554842981357,True,True,True
LTCBTC,23578319,118486123,-1,0.01678400,0.11000000,0.00184624,0.00000185,BTC,1554843006509,False,False,True
LTCBTC,23578351,118486660,-1,0.01678500,0.12000000,0.00201420,0.00012000,LTC,1554843079320,True,False,True
LTCBTC,23578361,118486799,-1,0.01678700,0.11000000,0.00184657,0.00000185,BTC,1554843145728,False,False,True
LTCBTC,23578593,118490282,-1,0.01683400,0.12000000,0.00202008,0.00042822,BNB,1554844037945,True,False,True
LTCBTC,23578605,118490416,-1,0.01682600,0.12000000,0.00201912,0.00042836,BNB,1554844093723,False,False,True
LTCBTC,23578608,118490448,-1,0.01682900,0.12000000,0.00201948,0.00042807,BNB,1554844098479,True,False,True
LTCBTC,23578627,118490697,-1,0.01682700,0.12000000,0.00201924,0.00042840,BNB,1554844146080,False,False,True
LTCBTC,23578646,118490900,-1,0.01683300,0.12000000,0.00201996,0.00012000,LTC,1554844220472,True,False,True
LTCBTC,23578660,118491015,-1,0.01682700,0.07000000,0.00117789,0.00000118,BTC,1554844265948,False,False,True
LTCBTC,23578661,118491015,-1,0.01682700,0.04000000,0.00067308,0.00014220,BNB,1554844265948,False,False,True
LTCBTC,23578666,118491050,-1,0.01683100,0.07000000,0.00117817,0.00007000,LTC,1554844278103,True,False,True
LTCBTC,23578672,118491050,-1,0.01683100,0.05000000,0.00084155,0.00005000,LTC,1554844308720,True,True,True
LTCBTC,23578681,118491207,-1,0.01682400,0.11000000,0.00185064,0.00000185,BTC,1554844324087,False,False,True
LTCBTC,23578686,118491267,-1,0.01682900,0.12000000,0.00201948,0.00012000,LTC,1554844338479,True,False,True
LTCBTC,23578724,118491660,-1,0.01682400,0.11000000,0.00185064,0.00000185,BTC,1554844510806,False,False,True
LTCBTC,23578734,118491717,-1,0.01682700,0.12000000,0.00201924,0.00012000,LTC,1554844535877,True,False,True
LTCBTC,23579042,118495965,-1,0.01682000,0.11000000,0.00185020,0.00039057,BNB,1554845840347,False,False,True
LTCBTC,23579539,118503939,-1,0.01677600,0.08000000,0.00134208,0.00028082,BNB,1554847716092,True,False,True
LTCBTC,23579548,118504104,-1,0.01677900,0.08000000,0.00134232,0.00028043,BNB,1554847745740,False,False,True
LTCBTC,23579730,118507029,-1,0.01680500,0.12000000,0.00201660,0.00012000,LTC,1554848478413,True,False,True
LTCBTC,23579747,118507276,-1,0.01680400,0.11000000,0.00184844,0.00000185,BTC,1554848528529,False,False,True
LTCBTC,23579886,118510258,-1,0.01680400,0.12000000,0.00201648,0.00042176,BNB,1554849198215,True,False,True
LTCBTC,23579904,118510454,-1,0.01680500,0.12000000,0.00201660,0.00042264,BNB,1554849260098,False,False,True
LTCBTC,23581794,118548046,-1,0.01677000,0.12000000,0.00201240,0.00042704,BNB,1554854539141,True,True,True
LTCBTC,23581877,118548715,-1,0.01677700,0.12000000,0.00201324,0.00042683,BNB,1554854585678,False,False,True
LTCBTC,23581890,118548816,-1,0.01678400,0.10000000,0.00167840,0.00035655,BNB,1554854598642,True,False,True
LTCBTC,23581897,118548816,-1,0.01678400,0.02000000,0.00033568,0.00007126,BNB,1554854602716,True,True,True
LTCBTC,23582128,118551111,-1,0.01681200,0.12000000,0.00201744,0.00042922,BNB,1554854704110,False,False,True
LTCBTC,23582164,118551581,-1,0.01680200,0.12000000,0.00201624,0.00042834,BNB,1554854736365,True,False,True
LTCBTC,23582197,118551916,-1,0.01680800,0.12000000,0.00201696,0.00042818,BNB,1554854765721,False,False,True
LTCBTC,23582222,118552034,-1,0.01681900,0.12000000,0.00201828,0.00042803,BNB,1554854779654,True,True,True
LTCBTC,23582277,118552574,-1,0.01682600,0.12000000,0.00201912,0.00000202,BTC,1554854826572,False,False,True
LTCBTC,23582328,118553401,-1,0.01682200,0.12000000,0.00201864,0.00012000,LTC,1554854898698,True,False,True
LTCBTC,23582367,118553910,-1,0.01682300,0.11000000,0.00185053,0.00000185,BTC,1554854953573,False,False,True
LTCBTC,23582372,118553964,-1,0.01682700,0.11000000,0.00185097,0.00011000,LTC,1554854958215,True,False,True
LTCBTC,23582373,118553964,-1,0.01683100,0.01000000,0.00016831,0.00003561,BNB,1554854958215,True,False,True
LTCBTC,23582430,118554483,-1,0.01680600,0.11000000,0.00184866,0.00000185,BTC,1554855005170,False,False,True
LTCBTC,23582493,118555509,-1,0.01678400,0.12000000,0.00201408,0.00012000,LTC,1554855078408,True,False,True
LTCBTC,23582584,118556539,-1,0.01678700,0.11000000,0.00184657,0.00000185,BTC,1554855186007,False,False,True
LTCBTC,23582589,118556656,-1,0.01679800,0.12000000,0.00201576,0.00012000,LTC,1554855198408,True,False,True
LTCBTC,23582626,118557140,-1,0.01679400,0.11000000,0.00184734,0.00000185,BTC,1554855245155,False,False,True
LTCBTC,23582654,118557344,-1,0.01679900,0.12000000,0.00201588,0.00012000,LTC,1554855288448,True,False,True
LTCBTC,23583240,118568916,-1,0.01678200,0.11000000,0.00184602,0.00000185,BTC,1554856563384,False,False,True
LTCBTC,23583586,118572696,-1,0.01677000,0.12000000,0.00201240,0.00012000,LTC,1554856835636,True,True,True
LTCBTC,23583807,118576738,-1,0.01678100,0.11000000,0.00184591,0.00000185,BTC,1554857351216,False,False,True
LTCBTC,23583827,118577130,-1,0.01679000,0.11000000,0.00184690,0.00011000,LTC,1554857388231,True,False,True
LTCBTC,23583828,118577130,-1,0.01679100,0.01000000,0.00016791,0.00001000,LTC,1554857388231,True,False,True
LTCBTC,23583932,118578540,-1,0.01680200,0.11000000,0.00184822,0.00000185,BTC,1554857645773,False,False,True
LTCBTC,23583942,118578633,-1,0.01680300,0.07000000,0.00117621,0.00007000,LTC,1554857674152,True,False,True
LTCBTC,23583943,118578633,-1,0.01680800,0.05000000,0.00084040,0.00005000,LTC,1554857674152,True,False,True
LTCBTC,23583959,118578765,-1,0.01680300,0.11000000,0.00184833,0.00000185,BTC,1554857708264,False,False,True
LTCBTC,23583974,118578948,-1,0.01680700,0.12000000,0.00201684,0.00012000,LTC,1554857751283,True,True,True
LTCBTC,23583976,118578995,-1,0.01680400,0.11000000,0.00184844,0.00000185,BTC,1554857766443,False,False,True
LTCBTC,23584028,118579878,-1,0.01679200,0.11000000,0.00184712,0.00011000,LTC,1554857898640,True,False,True
LTCBTC,23584277,118588196,-1,0.01683300,0.10000000,0.00168330,0.00000168,BTC,1554859085682,False,False,True
LTCBTC,23584318,118589200,-1,0.01681200,0.12000000,0.00201744,0.00012000,LTC,1554859173913,True,False,True
LTCBTC,23584384,118591057,-1,0.01681000,0.11000000,0.00184910,0.00039163,BNB,1554859387004,False,False,True
LTCBTC,23584453,118592196,-1,0.01683600,0.12000000,0.00202032,0.00042807,BNB,1554859535507,True,False,True
LTCBTC,23584469,118592478,-1,0.01680800,0.12000000,0.00201696,0.00042807,BNB,1554859564981,False,False,True
LTCBTC,23584482,118592806,-1,0.01683600,0.12000000,0.00202032,0.00042791,BNB,1554859595671,True,False,True
LTCBTC,23584508,118593141,-1,0.01685000,0.12000000,0.00202200,0.00042753,BNB,1554859627311,False,False,True
LTCBTC,23585187,118599505,-1,0.01693100,0.08000000,0.00135448,0.00008000,LTC,1554860073929,True,False,True
LTCBTC,23585190,118599505,-1,0.01693100,0.04000000,0.00067724,0.00014316,BNB,1554860074188,True,True,True
LTCBTC,23585237,118599961,-1,0.01693900,0.11000000,0.00186329,0.00000186,BTC,1554860107096,False,False,True
LTCBTC,23585516,118603583,-1,0.01695300,0.07000000,0.00118671,0.00007000,LTC,1554860435479,True,False,True
LTCBTC,23585518,118603583,-1,0.01695300,0.05000000,0.00084765,0.00005000,LTC,1554860436309,True,True,True
LTCBTC,23585564,118604015,-1,0.01696600,0.11000000,0.00186626,0.00000187,BTC,1554860464460,False,False,True
LTCBTC,23585587,118604181,-1,0.01697400,0.08000000,0.00135792,0.00008000,LTC,1554860478015,True,False,True
LTCBTC,23585588,118604181,-1,0.01697400,0.04000000,0.00067896,0.00004000,LTC,1554860478605,True,True,True
LTCBTC,23585644,118604575,-1,0.01698000,0.11000000,0.00186780,0.00000187,BTC,1554860523881,False,False,True
LTCBTC,23585817,118606051,-1,0.01694900,0.12000000,0.00203388,0.00012000,LTC,1554860628397,True,False,True
LTCBTC,23585836,118606272,-1,0.01691900,0.11000000,0.00186109,0.00000186,BTC,1554860643337,False,False,True
LTCBTC,23586165,118610460,-1,0.01698400,0.12000000,0.00203808,0.00012000,LTC,1554861107927,True,False,True
LTCBTC,23586214,118610621,-1,0.01699000,0.11000000,0.00186890,0.00000187,BTC,1554861126348,False,False,True
LTCBTC,23586899,118620357,-1,0.01695500,0.12000000,0.00203460,0.00043296,BNB,1554862308770,True,False,True
LTCBTC,23588123,118640934,-1,0.01692000,0.12000000,0.00203040,0.00043287,BNB,1554865267877,False,False,True
LTCBTC,23588192,118642061,-1,0.01692000,0.12000000,0.00203040,0.00043269,BNB,1554865475085,True,False,True
LTCBTC,23588205,118642210,-1,0.01691400,0.12000000,0.00202968,0.00043254,BNB,1554865508816,False,False,True
LTCBTC,23589107,118664194,-1,0.01688000,0.12000000,0.00202560,0.00043357,BNB,1554869015368,True,False,True
LTCBTC,23589375,118670800,-1,0.01686900,0.12000000,0.00202428,0.00042972,BNB,1554870004613,False,False,True
LTCBTC,23589376,118670802,-1,0.01688100,0.12000000,0.00202572,0.00043086,BNB,1554870005755,True,False,True
LTCBTC,23589400,118671099,-1,0.01687000,0.12000000,0.00202440,0.00042972,BNB,1554870066004,False,False,True
LTCBTC,23589435,118671460,-1,0.01686600,0.12000000,0.00202392,0.00043036,BNB,1554870138402,True,False,True
LTCBTC,23589597,118674315,-1,0.01690700,0.12000000,0.00202884,0.00043176,BNB,1554870548868,False,False,True
LTCBTC,23589598,118674348,-1,0.01692000,0.12000000,0.00203040,0.00043155,BNB,1554870558529,True,False,True
LTCBTC,23589614,118674684,-1,0.01691400,0.12000000,0.00202968,0.00043204,BNB,1554870613515,False,False,True
LTCBTC,23589704,118676355,-1,0.01688800,0.12000000,0.00202656,0.00043133,BNB,1554870828204,True,False,True
LTCBTC,23589831,118678990,-1,0.01691700,0.12000000,0.00203004,0.00043064,BNB,1554871146356,False,False,True
LTCBTC,23590562,118691909,-1,0.01692800,0.12000000,0.00203136,0.00043049,BNB,1554872838748,True,False,True
LTCBTC,23590582,118692310,-1,0.01690800,0.12000000,0.00202896,0.00043008,BNB,1554872885318,False,False,True
LTCBTC,23590665,118694079,-1,0.01693600,0.12000000,0.00203232,0.00043052,BNB,1554873155785,True,False,True
LTCBTC,23590677,118694252,-1,0.01692000,0.12000000,0.00203040,0.00043009,BNB,1554873184070,False,False,True
LTCBTC,23590706,118694955,-1,0.01692800,0.12000000,0.00203136,0.00043023,BNB,1554873336060,True,False,True
LTCBTC,23590711,118695066,-1,0.01692400,0.12000000,0.00203088,0.00042980,BNB,1554873381440,False,False,True
LTCBTC,23590903,118698611,-1,0.01691400,0.12000000,0.00202968,0.00043016,BNB,1554873857998,True,False,True
LTCBTC,23591065,118702193,-1,0.01691600,0.12000000,0.00202992,0.00042702,BNB,1554874514682,False,False,True
LTCBTC,23591438,118710037,-1,0.01690200,0.12000000,0.00202824,0.00042883,BNB,1554875778630,True,False,True
LTCBTC,23591660,118713956,-1,0.01691700,0.12000000,0.00203004,0.00043008,BNB,1554876245275,False,False,True
LTCBTC,23591818,118716615,-1,0.01693400,0.12000000,0.00203208,0.00042984,BNB,1554876513491,True,True,True
LTCBTC,23591835,118716923,-1,0.01691800,0.12000000,0.00203016,0.00042945,BNB,1554876548367,False,False,True
LTCBTC,23591864,118717338,-1,0.01692900,0.12000000,0.00203148,0.00042945,BNB,1554876621091,True,False,True
LTCBTC,23591883,118717763,-1,0.01691800,0.12000000,0.00203016,0.00042978,BNB,1554876667431,False,False,True
LTCBTC,23591913,118718052,-1,0.01692200,0.12000000,0.00203064,0.00042972,BNB,1554876708622,True,True,True
LTCBTC,23591930,118718612,-1,0.01691500,0.12000000,0.00202980,0.00042974,BNB,1554876787207,False,False,True
LTCBTC,23592105,118722682,-1,0.01691700,0.12000000,0.00203004,0.00042898,BNB,1554877355267,True,False,True
LTCBTC,23592377,118728609,-1,0.01690700,0.12000000,0.00202884,0.00042806,BNB,1554878356055,False,False,True
LTCBTC,23592487,118730690,-1,0.01690600,0.12000000,0.00202872,0.00043130,BNB,1554878658153,True,False,True
LTCBTC,23592569,118732226,-1,0.01691100,0.12000000,0.00202932,0.00043107,BNB,1554878950257,False,False,True
LTCBTC,23592570,118732282,-1,0.01692100,0.12000000,0.00203052,0.00043080,BNB,1554878958153,True,False,True
LTCBTC,23592587,118732510,-1,0.01690800,0.12000000,0.00202896,0.00043105,BNB,1554879007063,False,False,True
LTCBTC,23592848,118736005,-1,0.01694100,0.12000000,0.00203292,0.00042836,BNB,1554879620815,True,False,True
LTCBTC,23592854,118736196,-1,0.01692600,0.12000000,0.00203112,0.00042744,BNB,1554879640634,False,False,True
LTCBTC,23595211,118780784,-1,0.01687500,0.12000000,0.00202500,0.00043131,BNB,1554887358630,True,False,True
LTCBTC,23595666,118793284,-1,0.01684200,0.12000000,0.00202104,0.00043051,BNB,1554889337184,False,False,True
LTCBTC,23599819,118866892,-1,0.01684700,0.12000000,0.00202164,0.00042964,BNB,1554898295683,True,False,True
LTCBTC,23599830,118867105,-1,0.01684500,0.12000000,0.00202140,0.00042946,BNB,1554898324853,False,False,True
LTCBTC,23599848,118867385,-1,0.01685500,0.12000000,0.00202260,0.00042991,BNB,1554898368548,True,False,True
LTCBTC,23599857,118867619,-1,0.01682500,0.12000000,0.00201900,0.00042948,BNB,1554898385720,False,False,True
LTCBTC,23599946,118868574,-1,0.01687000,0.12000000,0.00202440,0.00043044,BNB,1554898475020,True,True,True
LTCBTC,23600063,118870543,-1,0.01683200,0.12000000,0.00201984,0.00042930,BNB,1554898639887,False,False,True
LTCBTC,23600075,118870793,-1,0.01686200,0.12000000,0.00202344,0.00042982,BNB,1554898655752,True,False,True
LTCBTC,23600242,118872360,-1,0.01689300,0.12000000,0.00202716,0.00043176,BNB,1554898745131,False,False,True
LTCBTC,23600249,118872466,-1,0.01689400,0.12000000,0.00202728,0.00043072,BNB,1554898758552,True,False,True
LTCBTC,23600263,118872780,-1,0.01689400,0.12000000,0.00202728,0.00043154,BNB,1554898803683,False,False,True
LTCBTC,23600302,118873066,-1,0.01689900,0.12000000,0.00202788,0.00043089,BNB,1554898820553,True,False,True
LTCBTC,23600313,118873381,-1,0.01687700,0.06000000,0.00101262,0.00021480,BNB,1554898864575,False,False,True
LTCBTC,23600314,118873381,-1,0.01687600,0.06000000,0.00101256,0.00021480,BNB,1554898864575,False,False,True
LTCBTC,23600321,118873595,-1,0.01688700,0.12000000,0.00202644,0.00043069,BNB,1554898893139,True,False,True
LTCBTC,23600335,118873963,-1,0.01685400,0.12000000,0.00202248,0.00042958,BNB,1554898925010,False,False,True
LTCBTC,23600341,118874151,-1,0.01687800,0.12000000,0.00202536,0.00043031,BNB,1554898938356,True,False,True
LTCBTC,23600593,118880154,-1,0.01686700,0.12000000,0.00202404,0.00043074,BNB,1554899524533,False,False,True
LTCBTC,23600596,118880265,-1,0.01687400,0.12000000,0.00202488,0.00043198,BNB,1554899537791,True,False,True
LTCBTC,23600706,118882791,-1,0.01686000,0.12000000,0.00202320,0.00042990,BNB,1554899769813,False,False,True
LTCBTC,23600739,118883422,-1,0.01686600,0.12000000,0.00202392,0.00043102,BNB,1554899838549,True,False,True
LTCBTC,23603024,118930387,-1,0.01671600,0.12000000,0.00200592,0.00043072,BNB,1554905958381,False,False,True
LTCBTC,28454445,174264725,-1,0.01476100,0.13000000,0.00191893,0.00040253,BNB,1560672124524,True,False,True
LTCBTC,28454488,174264725,-1,0.01476200,0.94000000,0.01387628,0.00291152,BNB,1560672149103,True,True,True
LTCBTC,28454490,174264725,-1,0.01476200,0.49000000,0.00723338,0.00151770,BNB,1560672149297,True,True,True
LTCBTC,28835377,177794144,-1,0.01403400,0.14000000,0.00196476,0.00038677,BNB,1561060877767,False,False,True
LTCBTC,28835378,177794144,-1,0.01403300,0.09000000,0.00126297,0.00024864,BNB,1561060877767,False,False,True
LTCBTC,28835379,177794144,-1,0.01403300,0.12000000,0.00168396,0.00033152,BNB,1561060877767,False,False,True
LTCBTC,28835380,177794144,-1,0.01402400,0.48000000,0.00673152,0.00132807,BNB,1561060877767,False,False,True
LTCBTC,28835381,177794144,-1,0.01402300,0.73000000,0.01023679,0.00202073,BNB,1561060877767,False,False,True
LTCBTC,28849637,177930803,-1,0.01426400,0.06000000,0.00085584,0.00016643,BNB,1561075322843,True,False,True
LTCBTC,28849638,177930803,-1,0.01426400,0.08000000,0.00114112,0.00022191,BNB,1561075322843,True,False,True
LTCBTC,28849639,177930803,-1,0.01426400,1.48000000,0.02111072,0.00410542,BNB,1561075323836,True,True,True
LTCBTC,28940150,178811065,-1,0.01355600,0.14000000,0.00189784,0.00038508,BNB,1561167084345,False,False,True
LTCBTC,28940151,178811065,-1,0.01355500,1.48000000,0.02006140,0.00406577,BNB,1561167084345,False,False,True
LTCBTC,28982831,179143875,-1,0.01314000,0.15000000,0.00197100,0.00040238,BNB,1561192144130,True,False,True
LTCBTC,28982832,179143875,-1,0.01314000,1.61000000,0.02115540,0.00431813,BNB,1561192149382,True,True,True
LTCBTC,29137384,180397111,-1,0.01249400,1.76000000,0.02198944,0.00495746,BNB,1561324824534,False,False,True
LTCBTC,29159740,180579552,-1,0.01265300,0.09000000,0.00113877,0.00024862,BNB,1561337226278,True,False,True
LTCBTC,29159741,180579552,-1,0.01265400,0.11000000,0.00139194,0.00030387,BNB,1561337226278,True,False,True
LTCBTC,29228894,181308043,-1,0.01204100,0.20000000,0.00240820,0.00056262,BNB,1561440173539,False,False,True
BNBBTC,3003472,11931629,-1,0.00031599,88.00000000,0.02780712,0.04400000,BNB,1514001403037,True,False,True
BNBBTC,3003473,11931629,-1,0.00031599,19.00000000,0.00600381,0.00950000,BNB,1514001403037,True,False,True
BNBBTC,3003474,11931629,-1,0.00031599,40.00000000,0.01263960,0.02000000,BNB,1514001403037,True,False,True
BNBBTC,3003475,11931629,-1,0.00031599,102.00000000,0.03223098,0.05100000,BNB,1514001403037,True,False,True
BNBBTC,3003476,11931629,-1,0.00031599,114.00000000,0.03602286,0.05700000,BNB,1514001403037,True,False,True
BNBBTC,40552046,132613500,-1,0.00411990,0.37000000,0.00152436,0.00027750,BNB,1553847672334,True,False,True
BNBBTC,40579517,132741013,-1,0.00403300,0.36000000,0.00145188,0.00026955,BNB,1553877549638,False,False,True
BNBBTC,41708403,139281409,-1,0.00354700,0.57000000,0.00202179,0.00042750,BNB,1554837408971,True,False,True
BNBBTC,41708410,139281470,-1,0.00354540,0.56000000,0.00198542,0.00042077,BNB,1554837428637,False,False,True
BNBBTC,41708417,139281530,-1,0.00354700,0.57000000,0.00202179,0.00042750,BNB,1554837454313,True,False,True
BNBBTC,41708440,139281638,-1,0.00354570,0.57000000,0.00202104,0.00042701,BNB,1554837490766,False,False,True
BNBBTC,41708458,139281763,-1,0.00354660,0.57000000,0.00202156,0.00042750,BNB,1554837516098,True,False,True
BNBBTC,41708478,139281816,-1,0.00354530,0.57000000,0.00202082,0.00042714,BNB,1554837547231,False,False,True
BNBBTC,41708505,139281969,-1,0.00354620,0.57000000,0.00202133,0.00042750,BNB,1554837589975,True,False,True
BNBBTC,41708518,139282066,-1,0.00354270,0.56000000,0.00198391,0.00041916,BNB,1554837605897,False,False,True
BNBBTC,41708549,139282220,-1,0.00354230,0.57000000,0.00201911,0.00042750,BNB,1554837635022,True,False,True
BNBBTC,41710896,139303758,-1,0.00354450,0.56000000,0.00198492,0.00041883,BNB,1554840729210,False,False,True
BNBBTC,41710961,139304059,-1,0.00354590,0.56000000,0.00198570,0.00042000,BNB,1554840769625,True,False,True
BNBBTC,41710962,139304059,-1,0.00354600,0.01000000,0.00003546,0.00000750,BNB,1554840769625,True,False,True
BNBBTC,41710972,139304153,-1,0.00354560,0.57000000,0.00202099,0.00042729,BNB,1554840789830,False,False,True
BNBBTC,41710982,139304251,-1,0.00354750,0.57000000,0.00202207,0.00042750,BNB,1554840814604,True,False,True
BNBBTC,41711003,139304357,-1,0.00354650,0.57000000,0.00202150,0.00042717,BNB,1554840846449,False,False,True
BNBBTC,41711041,139304599,-1,0.00354660,0.56000000,0.00198609,0.00042000,BNB,1554840888042,True,False,True
BNBBTC,41711042,139304599,-1,0.00354670,0.01000000,0.00003546,0.00000750,BNB,1554840888042,True,False,True
BNBBTC,41711050,139304684,-1,0.00354390,0.56000000,0.00198458,0.00041869,BNB,1554840905263,False,False,True
BNBBTC,41711051,139304684,-1,0.00354380,0.01000000,0.00003543,0.00000845,BNB,1554840905263,False,False,True
BNBBTC,41711073,139304936,-1,0.00354420,0.57000000,0.00202019,0.00042750,BNB,1554840965612,True,False,True
BNBBTC,41711146,139305615,-1,0.00353860,0.56000000,0.00198161,0.00041949,BNB,1554841026262,False,False,True
BNBBTC,41711202,139306089,-1,0.00353770,0.56000000,0.00198111,0.00042000,BNB,1554841099038,True,False,True
BNBBTC,41711203,139306089,-1,0.00353780,0.01000000,0.00003537,0.00000750,BNB,1554841099038,True,False,True
BNBBTC,41712798,139323078,-1,0.00354060,0.56000000,0.00198273,0.00000198,BTC,1554843307764,False,False,True
BNBBTC,41712799,139323078,-1,0.00354040,0.01000000,0.00003540,0.00000846,BNB,1554843307764,False,False,True
BNBBTC,41712812,139323205,-1,0.00354430,0.57000000,0.00202025,0.00042750,BNB,1554843320458,True,False,True
BNBBTC,41712854,139323503,-1,0.00354520,0.29000000,0.00102810,0.00021777,BNB,1554843368665,False,False,True
BNBBTC,41712855,139323503,-1,0.00354520,0.27000000,0.00095720,0.00020298,BNB,1554843368665,False,False,True
BNBBTC,41713654,139331477,-1,0.00354660,0.57000000,0.00202156,0.00042750,BNB,1554844998919,True,False,True
BNBBTC,41713678,139331770,-1,0.00354450,0.56000000,0.00198492,0.00041874,BNB,1554845045838,False,False,True
BNBBTC,41715360,139342590,-1,0.00355640,0.57000000,0.00202714,0.00042750,BNB,1554846275778,True,False,True
BNBBTC,41715532,139344445,-1,0.00356270,0.56000000,0.00199511,0.00042074,BNB,1554846425943,False,False,True
BNBBTC,41715817,139347258,-1,0.00356840,0.57000000,0.00203398,0.00042750,BNB,1554846873597,True,False,True
BNBBTC,41715840,139347440,-1,0.00356600,0.57000000,0.00203262,0.00042666,BNB,1554846908036,False,False,True
BNBBTC,41715921,139347895,-1,0.00356840,0.57000000,0.00203398,0.00042750,BNB,1554847025932,True,False,True
BNBBTC,41715953,139348118,-1,0.00356840,0.57000000,0.00203398,0.00042666,BNB,1554847085213,False,False,True
BNBBTC,41715973,139348189,-1,0.00357000,0.57000000,0.00203490,0.00042750,BNB,1554847098329,True,False,True
BNBBTC,41716052,139348656,-1,0.00357100,0.56000000,0.00199976,0.00041987,BNB,1554847154366,False,False,True
BNBBTC,41716339,139349978,-1,0.00358050,0.56000000,0.00200508,0.00042000,BNB,1554847368038,True,False,True
BNBBTC,41716350,139350036,-1,0.00357990,0.56000000,0.00200474,0.00041893,BNB,1554847387573,False,False,True
BNBBTC,41716364,139350184,-1,0.00358050,0.56000000,0.00200508,0.00042000,BNB,1554847414544,True,False,True
BNBBTC,41716385,139350302,-1,0.00358040,0.28000000,0.00100251,0.00020946,BNB,1554847450313,False,False,True
BNBBTC,41716386,139350302,-1,0.00358040,0.28000000,0.00100251,0.00000100,BTC,1554847450313,False,False,True
BNBBTC,41716392,139350328,-1,0.00358050,0.56000000,0.00200508,0.00042000,BNB,1554847458137,True,False,True
BNBBTC,41716411,139350464,-1,0.00358110,0.28000000,0.00100270,0.00020941,BNB,1554847506149,False,False,True
BNBBTC,41716412,139350464,-1,0.00358100,0.04000000,0.00014324,0.00002931,BNB,1554847506149,False,False,True
BNBBTC,41716413,139350464,-1,0.00358070,0.23000000,0.00082356,0.00017172,BNB,1554847506149,False,False,True
BNBBTC,41716462,139350575,-1,0.00358280,0.56000000,0.00200636,0.00042000,BNB,1554847521411,True,True,True
BNBBTC,41716560,139350948,-1,0.00358440,0.56000000,0.00200726,0.00042039,BNB,1554847566052,False,False,True
BNBBTC,41716930,139353030,-1,0.00357700,0.56000000,0.00200312,0.00042000,BNB,1554847908798,True,False,True
BNBBTC,41717405,139356720,-1,0.00358180,0.56000000,0.00200580,0.00000201,BTC,1554848709360,False,False,True
BNBBTC,41717546,139358323,-1,0.00358470,0.56000000,0.00200743,0.00042000,BNB,1554849020669,True,False,True
BNBBTC,41717628,139358839,-1,0.00358230,0.55000000,0.00197026,0.00041235,BNB,1554849128089,False,False,True
BNBBTC,41717685,139359451,-1,0.00358660,0.56000000,0.00200849,0.00042000,BNB,1554849275018,True,False,True
BNBBTC,41717704,139359591,-1,0.00358410,0.56000000,0.00200709,0.00042060,BNB,1554849307815,False,False,True
BNBBTC,41717708,139359662,-1,0.00358570,0.56000000,0.00200799,0.00042000,BNB,1554849320615,True,False,True
BNBBTC,41717755,139360057,-1,0.00357890,0.56000000,0.00200418,0.00041912,BNB,1554849365415,False,False,True
BNBBTC,41720495,139386927,-1,0.00355450,0.57000000,0.00202606,0.00042750,BNB,1554853355998,True,False,True
BNBBTC,41723757,139422699,-1,0.00353800,0.56000000,0.00198128,0.00000198,BTC,1554859149580,False,False,True
BNBBTC,41723803,139423091,-1,0.00354370,0.04000000,0.00014174,0.00003000,BNB,1554859206029,True,False,True
BNBBTC,41723804,139423091,-1,0.00354370,0.53000000,0.00187816,0.00039750,BNB,1554859206029,True,False,True
BNBBTC,41723809,139423108,-1,0.00354200,0.56000000,0.00198352,0.00041895,BNB,1554859210121,False,False,True
BNBBTC,41723831,139423365,-1,0.00354160,0.57000000,0.00201871,0.00042750,BNB,1554859265802,True,False,True
BNBBTC,41723943,139424545,-1,0.00354040,0.56000000,0.00198262,0.00000198,BTC,1554859446576,False,False,True
BNBBTC,41723944,139424545,-1,0.00354030,0.01000000,0.00003540,0.00000846,BNB,1554859446576,False,False,True
BNBBTC,41723948,139424610,-1,0.00354080,0.57000000,0.00201825,0.00042750,BNB,1554859458167,True,False,True
BNBBTC,41724114,139426737,-1,0.00354090,0.56000000,0.00198290,0.00041916,BNB,1554859684192,False,False,True
BNBBTC,41724209,139427721,-1,0.00354250,0.57000000,0.00201922,0.00042750,BNB,1554859806253,True,False,True
BNBBTC,41725093,139436135,-1,0.00354450,0.56000000,0.00198492,0.00000198,BTC,1554861246401,False,False,True
BNBBTC,41725110,139436324,-1,0.00354270,0.57000000,0.00201933,0.00042750,BNB,1554861274971,True,False,True
BNBBTC,42239510,143500765,-1,0.00375380,0.42000000,0.00157659,0.00031557,BNB,1555514230096,False,False,True
BNBBTC,42239511,143500765,-1,0.00375370,0.15000000,0.00056305,0.00011184,BNB,1555514230096,False,False,True
BNBBTC,46962544,175662633,-1,0.00402790,1.24000000,0.00499459,0.00093000,BNB,1558575309027,True,True,True
BNBBTC,46962589,175662633,-1,0.00402790,0.01000000,0.00004027,0.00000750,BNB,1558575327811,True,True,True
BNBBTC,46967674,175662862,-1,0.00399060,1.26000000,0.00502815,0.00094500,BNB,1558578820162,True,True,True
BNBBTC,46986371,175833695,-1,0.00406390,1.24000000,0.00503923,0.00093000,BNB,1558587664302,True,False,True
BNBBTC,46992648,175833722,-1,0.00402620,1.25000000,0.00503275,0.00093750,BNB,1558589967187,True,True,True
BNBBTC,47105380,175833737,-1,0.00398560,1.26000000,0.00502185,0.00094500,BNB,1558655794630,True,True,True
BNBBTC,47248627,177386925,-1,0.00434900,3.75000000,0.01630875,0.00281271,BNB,1558707181933,False,False,True
BNBBTC,47248782,177387778,-1,0.00434660,2.51000000,0.01090996,0.00188271,BNB,1558707241112,False,False,True
BNBBTC,47318588,177820771,-1,0.00425000,2.83000000,0.01202750,0.00212250,BNB,1558741085790,True,False,True
BNBBTC,47331006,177891638,-1,0.00430650,2.79000000,0.01201513,0.00209250,BNB,1558746198036,True,True,True
BNBBTC,47342238,177976502,-1,0.00425500,1.88000000,0.00799940,0.00141000,BNB,1558754224974,True,False,True
BNBBTC,47342239,177976502,-1,0.00425510,0.95000000,0.00404234,0.00071250,BNB,1558754224974,True,False,True
BNBBTC,47442498,178560463,-1,0.00435440,2.83000000,0.01232295,0.00212199,BNB,1558820134265,False,False,True
BNBBTC,47550372,179202225,-1,0.00419800,1.49000000,0.00625502,0.00111750,BNB,1558876092016,True,False,True
BNBBTC,47550373,179202225,-1,0.00419800,1.37000000,0.00575126,0.00102750,BNB,1558876092016,True,False,True
BNBBTC,47578847,179388088,-1,0.00409380,2.79000000,0.01142170,0.00209100,BNB,1558895980106,False,False,True
BNBBTC,47585440,179416841,-1,0.00404020,1.38000000,0.00557547,0.00103468,BNB,1558899047014,False,False,True
BNBBTC,47585441,179416841,-1,0.00404020,0.27000000,0.00109085,0.00020211,BNB,1558899047014,False,False,True
BNBBTC,47585442,179416841,-1,0.00404010,0.01000000,0.00004040,0.00000741,BNB,1558899047014,False,False,True
BNBBTC,47585443,179416841,-1,0.00404000,1.17000000,0.00472680,0.00087707,BNB,1558899047014,False,False,True
BNBBTC,47600237,179446811,-1,0.00388780,2.86000000,0.01111910,0.00214516,BNB,1558900538963,False,False,True
BNBBTC,47690411,179791166,-1,0.00401890,2.99000000,0.01201651,0.00224250,BNB,1558921926147,True,False,True
BNBBTC,47737624,180083580,-1,0.00396380,3.03000000,0.01201031,0.00227250,BNB,1558947965394,True,False,True
BNBBTC,47927210,181318641,-1,0.00376750,3.03000000,0.01141552,0.00227320,BNB,1559059871389,False,False,True
BNBBTC,47958895,181522066,-1,0.00381230,3.15000000,0.01200874,0.00236250,BNB,1559079484182,True,False,True
BNBBTC,47991214,181758001,-1,0.00371570,2.67000000,0.00992091,0.00199999,BNB,1559105693821,False,False,True
BNBBTC,47991215,181758001,-1,0.00371570,0.32000000,0.00118902,0.00023991,BNB,1559105693821,False,False,True
BNBBTC,48041066,182015750,-1,0.00393440,0.77000000,0.00302948,0.00057750,BNB,1559119206997,True,False,True
BNBBTC,48044985,182015768,-1,0.00387820,0.39000000,0.00151249,0.00029250,BNB,1559120528920,True,True,True
BNBBTC,48088663,182015775,-1,0.00381920,0.40000000,0.00152768,0.00030000,BNB,1559147180881,True,True,True
BNBBTC,48235071,182015794,-1,0.00376010,0.40000000,0.00150404,0.00030000,BNB,1559231841247,True,True,True
BNBBTC,48735841,182015799,-1,0.00370110,0.41000000,0.00151745,0.00030750,BNB,1559534441164,True,True,True
BNBBTC,50297624,182015814,-1,0.00364200,0.42000000,0.00152964,0.00031500,BNB,1560528451392,True,True,True
BNBBTC,50299297,196207643,-1,0.00362130,0.20000000,0.00072426,0.00014904,BNB,1560528534251,False,False,True
BNBBTC,50299298,196207643,-1,0.00362000,2.95000000,0.01067900,0.00221093,BNB,1560528534251,False,False,True
BNBBTC,50302790,182015823,-1,0.00358290,0.42000000,0.00150481,0.00031500,BNB,1560528724179,True,True,True
BNBBTC,51827058,203944118,-1,0.00334720,3.21000000,0.01074451,0.00240447,BNB,1561324123688,False,False,True
BNBBTC,55549378,225105124,-1,0.00267670,29.88000000,0.07997979,0.02241000,BNB,1563294423801,True,True,True
BNBBTC,56312778,226151888,-1,0.00300160,9.86000000,0.02959577,0.00739999,BNB,1563450627800,False,True,True
BNBBTC,58315514,241523264,-1,0.00230670,4.38000000,0.01010334,0.00327907,BNB,1565073973163,False,False,True
BNBBTC,58315515,241523264,-1,0.00230670,0.90000000,0.00207603,0.00067529,BNB,1565073973163,False,False,True
BNBBTC,58315516,241523264,-1,0.00230660,0.08000000,0.00018452,0.00005843,BNB,1565073973163,False,False,True
BNBBTC,58315517,241523264,-1,0.00230660,0.05000000,0.00011533,0.00003895,BNB,1565073973163,False,False,True
BNBBTC,58315518,241523264,-1,0.00230660,2.17000000,0.00500532,0.00162654,BNB,1565073973163,False,False,True
BNBBTC,58315519,241523264,-1,0.00230660,8.00000000,0.01845280,0.00598999,BNB,1565073973163,False,False,True
BNBBTC,58315520,241523264,-1,0.00230650,0.43000000,0.00099179,0.00032141,BNB,1565073973163,False,False,True
BNBBTC,58315521,241523264,-1,0.00230650,3.99000000,0.00920293,0.00298688,BNB,1565073973163,False,False,True
BNBBTC,60092415,253917716,-1,0.00239030,16.72000000,0.03996581,0.01254000,BNB,1567037192510,True,False,True
BNBBTC,60092416,253917717,-1,0.00239030,16.72000000,0.03996581,0.01254000,BNB,1567037192560,True,False,True
BNBBTC,60092418,253917722,-1,0.00239030,8.36000000,0.01998290,0.00627000,BNB,1567037192932,True,False,True
BNBBTC,60420720,256954171,-1,0.00211560,5.19000000,0.01097996,0.00389122,BNB,1567516012550,False,False,True
BNBBTC,60420721,256954171,-1,0.00211560,11.40000000,0.02411784,0.00854793,BNB,1567516012550,False,False,True
BNBBTC,60420722,256954171,-1,0.00211550,0.12000000,0.00025386,0.00008859,BNB,1567516012550,False,False,True
BNBBTC,60420723,256954177,-1,0.00211570,5.19000000,0.01098048,0.00389122,BNB,1567516012685,False,False,True
BNBBTC,60420724,256954177,-1,0.00211550,3.17000000,0.00670613,0.00237796,BNB,1567516012685,False,False,True
BNBBTC,60420726,256954208,-1,0.00211600,5.19000000,0.01098204,0.00389269,BNB,1567516014240,False,False,True
BNBBTC,60420727,256954208,-1,0.00211600,6.71000000,0.01419836,0.00503427,BNB,1567516014240,False,False,True
BNBBTC,60420728,256954208,-1,0.00211590,4.14000000,0.00875982,0.00310564,BNB,1567516014240,False,False,True
BNBBTC,60446559,257205837,-1,0.00211050,0.15000000,0.00031657,0.00011366,BNB,1567555801523,False,True,True
BNBBTC,60447604,257212382,-1,0.00212750,57.19000000,0.12167172,0.04289250,BNB,1567556452607,True,False,True
BNBBTC,60447605,257212382,-1,0.00212790,1.66000000,0.00353231,0.00124500,BNB,1567556452607,True,False,True
BNBBTC,60447606,257212382,-1,0.00212800,1.45000000,0.00308560,0.00108750,BNB,1567556452607,True,False,True
BNBBTC,60447607,257212382,-1,0.00212900,11.29000000,0.02403641,0.00846750,BNB,1567556452607,True,False,True
BNBBTC,60447608,257212382,-1,0.00212900,11.29000000,0.02403641,0.00846750,BNB,1567556452607,True,False,True
BNBBTC,60447609,257212382,-1,0.00212900,11.29000000,0.02403641,0.00846750,BNB,1567556452607,True,False,True
BNBBTC,60447610,257212382,-1,0.00212900,11.29000000,0.02403641,0.00846750,BNB,1567556452607,True,False,True
BNBBTC,60447611,257212382,-1,0.00212900,11.29000000,0.02403641,0.00846750,BNB,1567556452607,True,False,True
BNBBTC,60447612,257212382,-1,0.00212900,11.29000000,0.02403641,0.00846750,BNB,1567556452607,True,False,True
BNBBTC,60447613,257212382,-1,0.00212900,11.29000000,0.02403641,0.00846750,BNB,1567556452607,True,False,True
BNBBTC,60447614,257212382,-1,0.00212900,10.99000000,0.02339771,0.00824250,BNB,1567556452607,True,False,True
BNBBTC,60447615,257212382,-1,0.00212910,3.00000000,0.00638730,0.00225000,BNB,1567556452607,True,False,True
BNBBTC,60447616,257212382,-1,0.00212910,13.57000000,0.02889188,0.01017750,BNB,1567556452607,True,False,True
BNBBTC,60447617,257212382,-1,0.00212910,12.67000000,0.02697569,0.00950250,BNB,1567556452607,True,False,True
BNBBTC,60447618,257212382,-1,0.00212910,16.36000000,0.03483207,0.01227000,BNB,1567556452607,True,False,True
BNBBTC,60447619,257212382,-1,0.00212910,10.20000000,0.02171682,0.00765000,BNB,1567556452607,True,False,True
BNBBTC,60447620,257212382,-1,0.00212910,17.49000000,0.03723795,0.01311750,BNB,1567556452607,True,False,True
BNBBTC,60447621,257212382,-1,0.00212910,15.41000000,0.03280943,0.01155750,BNB,1567556452607,True,False,True
BNBBTC,60447622,257212382,-1,0.00212910,13.57000000,0.02889188,0.01017750,BNB,1567556452607,True,False,True
BNBBTC,60447623,257212382,-1,0.00212910,12.67000000,0.02697569,0.00950250,BNB,1567556452607,True,False,True
BNBBTC,60447624,257212382,-1,0.00212910,16.36000000,0.03483207,0.01227000,BNB,1567556452607,True,False,True
BNBBTC,60447625,257212382,-1,0.00212910,10.20000000,0.02171682,0.00765000,BNB,1567556452607,True,False,True
BNBBTC,60447626,257212382,-1,0.00212910,17.49000000,0.03723795,0.01311750,BNB,1567556452607,True,False,True
BNBBTC,60447627,257212382,-1,0.00212910,15.41000000,0.03280943,0.01155750,BNB,1567556452607,True,False,True
BNBBTC,60447628,257212382,-1,0.00212910,13.57000000,0.02889188,0.01017750,BNB,1567556452607,True,False,True
BNBBTC,60447629,257212382,-1,0.00212910,12.67000000,0.02697569,0.00950250,BNB,1567556452607,True,False,True
BNBBTC,60447630,257212382,-1,0.00212910,16.36000000,0.03483207,0.01227000,BNB,1567556452607,True,False,True
BNBBTC,60447631,257212382,-1,0.00212910,10.20000000,0.02171682,0.00765000,BNB,1567556452607,True,False,True
BNBBTC,60447632,257212382,-1,0.00212910,6.12000000,0.01303009,0.00459000,BNB,1567556452607,True,False,True
BNBBTC,60447634,257212430,-1,0.00212860,0.05000000,0.00010643,0.00003750,BNB,1567556459154,True,False,True
BNBBTC,60449391,257222808,-1,0.00212880,22.07000000,0.04698261,0.01655250,BNB,1567558217340,True,True,True
BNBBTC,60449920,257228086,-1,0.00212640,47.47000000,0.10094020,0.03560250,BNB,1567558639199,True,True,True
BNBBTC,62594859,275618374,-1,0.00206820,8.52000000,0.01762106,0.00639054,BNB,1570916302808,False,True,True
NEOBTC,4447646,18848313,-1,0.00651200,62.01000000,0.40380912,0.33819859,BNB,1515007542269,True,False,True
NEOBTC,4527442,19041114,-1,0.00696500,1.59000000,0.01107435,0.00897508,BNB,1515076732723,False,False,True
NEOBTC,4527443,19041114,-1,0.00696300,42.90000000,0.29871270,0.24239227,BNB,1515076732723,False,False,True
NEOBTC,4527444,19041114,-1,0.00696100,1.00000000,0.00696100,0.00564797,BNB,1515076732723,False,False,True
NEOBTC,4527445,19041114,-1,0.00696100,0.86000000,0.00598646,0.00485271,BNB,1515076732723,False,False,True
NEOBTC,4527446,19041114,-1,0.00695800,0.01000000,0.00006958,0.00004868,BNB,1515076732723,False,False,True
NEOBTC,4527447,19041114,-1,0.00695400,4.00000000,0.02781600,0.02257567,BNB,1515076732723,False,False,True
NEOBTC,4527448,19041114,-1,0.00695100,1.50000000,0.01042650,0.00845573,BNB,1515076732723,False,False,True
NEOBTC,4527449,19041114,-1,0.00695000,10.15000000,0.07054250,0.05724255,BNB,1515076732723,False,False,True
NEOBTC,25126839,110734616,-1,0.00238400,0.43000000,0.00102512,0.00043000,NEO,1554019030229,True,False,True
NEOBTC,25131408,110757470,-1,0.00243600,0.42000000,0.00102312,0.00000102,BTC,1554030610031,False,False,True
NEOBTC,25133545,110771391,-1,0.00241500,0.42000000,0.00101430,0.00042000,NEO,1554038530115,True,False,True
NEOBTC,25140352,110810862,-1,0.00244800,0.41000000,0.00100368,0.00000100,BTC,1554064040053,False,False,True
NEOBTC,25142771,110824716,-1,0.00245100,0.42000000,0.00102942,0.00042000,NEO,1554071960575,True,False,True
NEOBTC,25142865,110825846,-1,0.00245100,0.41000000,0.00100491,0.00000100,BTC,1554072985776,False,False,True
NEOBTC,25143674,110831293,-1,0.00245800,0.42000000,0.00103236,0.00042000,NEO,1554077465528,True,False,True
NEOBTC,25147316,110861406,-1,0.00243800,0.41000000,0.00099958,0.00000100,BTC,1554093098313,False,False,True
NEOBTC,25149397,110876784,-1,0.00244000,0.82000000,0.00200080,0.00082000,NEO,1554103754486,True,False,True
NEOBTC,25152163,110897337,-1,0.00244800,0.81000000,0.00198288,0.00000198,BTC,1554118274082,False,False,True
